kod_lotniska,nazwa_lotniska,miasto,stan,kraj,latitude,longitude
ABE,Lehigh Valley International Airport,Allentown,US-PA,US,40.651773,-75.442797
ABI,Abilene Regional Airport,Abilene,US-TX,US,32.4113006592,-99.6819000244
ABQ,Albuquerque International Sunport,Albuquerque,US-NM,US,35.039976,-106.608925
ABR,Aberdeen Regional Airport,Aberdeen,US-SD,US,45.449100494384766,-98.42179870605467
ABY,Southwest Georgia Regional Airport,Albany,US-GA,US,31.532946,-84.196215
ACK,Nantucket Memorial Airport,Nantucket,US-MA,US,41.25310135,-70.06020355
ACT,Waco Regional Airport,Waco,US-TX,US,31.611299514770508,-97.23049926757812
ACV,California Redwood Coast-Humboldt County Airport,Arcata/Eureka,US-CA,US,40.978101,-124.109
ACY,Atlantic City International Airport,Atlantic City,US-NJ,US,39.45759963989258,-74.57720184326172
ADK,Adak Airport,Adak,US-AK,US,51.883564,-176.642783
ADQ,Kodiak Airport,Kodiak,US-AK,US,57.75,-152.4940033
AEX,Alexandria International Airport,Alexandria,US-LA,US,31.3274,-92.549797
AGS,Augusta Regional At Bush Field,Augusta,US-GA,US,33.3699,-81.9645
AKN,King Salmon Airport,King Salmon,US-AK,US,58.677845,-156.651965
ALB,Albany International Airport,Albany,US-NY,US,42.74829864501953,-73.80169677734375
ALO,Waterloo Regional Airport,Waterloo,US-IA,US,42.557098388671875,-92.40029907226562
AMA,Rick Husband Amarillo International Airport,Amarillo,US-TX,US,35.219398,-101.706001
ANC,Ted Stevens Anchorage International Airport,Anchorage,US-AK,US,61.179004,-149.992561
APN,Alpena County Regional Airport,Alpena,US-MI,US,45.0780983,-83.56030273
ART,Watertown International Airport,Watertown,US-NY,US,43.991901,-76.021698
ASE,Aspen-Pitkin County Airport (Sardy Field),Aspen,US-CO,US,39.223202,-106.869003
ATL,Hartsfield Jackson Atlanta International Airport,Atlanta,US-GA,US,33.6367,-84.428101
ATW,Appleton International Airport,Appleton,US-WI,US,44.258099,-88.519096
AUS,Austin Bergstrom International Airport,Austin,US-TX,US,30.197535,-97.662015
AVL,Asheville Regional Airport,Asheville,US-NC,US,35.436199,-82.541801
AVP,Wilkes Barre Scranton International Airport,Wilkes-Barre/Scranton,US-PA,US,41.338500976599995,-75.72339630130001
AZA,Mesa Gateway Airport,Mesa,US-AZ,US,33.3078,-111.654999
AZO,Kalamazoo Battle Creek International Airport,Kalamazoo,US-MI,US,42.234901428222656,-85.5521011352539
BDL,Bradley International Airport,Hartford,US-CT,US,41.93851,-72.688066
BET,Bethel Airport,Bethel,US-AK,US,60.77980042,-161.8379974
BFF,Western Neb. Rgnl/William B. Heilig Airport,Scottsbluff,US-NE,US,41.87400055,-103.5960007
BFL,Meadows Field,Bakersfield,US-CA,US,35.433601,-119.056999
BGM,Greater Binghamton/Edwin A Link field,Binghamton,US-NY,US,42.20869827,-75.97979736
BGR,Bangor International Airport,Bangor,US-ME,US,44.8074,-68.828102
BHM,Birmingham-Shuttlesworth International Airport,Birmingham,US-AL,US,33.562901,-86.753502
BIL,Billings Logan International Airport,Billings,US-MT,US,45.807701,-108.542999
BIS,Bismarck Municipal Airport,Bismarck,US-ND,US,46.772701263427734,-100.74600219726562
BJI,Bemidji Regional Airport,Bemidji,US-MN,US,47.50939941,-94.93370056
BKG,Branson Airport,Branson,US-MO,US,36.532082,-93.200544
BLI,Bellingham International Airport,Bellingham,US-WA,US,48.79280090332031,-122.53800201416016
BLV,Scott AFB/Midamerica Airport,Belleville,US-IL,US,38.5452,-89.835197
BMI,Central Illinois Regional Airport at Bloomington-Normal,Bloomington/Normal,US-IL,US,40.4771,-88.915901
BNA,Nashville International Airport,Nashville,US-TN,US,36.1245,-86.6782
BOI,Boise Air Terminal/Gowen Field,Boise,US-ID,US,43.5644,-116.223
BOS,Logan International Airport,Boston,US-MA,US,42.36197,-71.0079
BPT,Jack Brooks Regional Airport,Beaumont/Port Arthur,US-TX,US,29.9508,-94.020699
BQK,Brunswick Golden Isles Airport,Brunswick,US-GA,US,31.258801,-81.466499
BQN,Rafael Hernández International Airport,Aguadilla,PR-U-A,PR,18.4949,-67.129402
BRD,Brainerd Lakes Regional Airport,Brainerd,US-MN,US,46.402861,-94.129727
BRO,Brownsville South Padre Island International Airport,Brownsville,US-TX,US,25.90679931640625,-97.4259033203125
BRW,Wiley Post Will Rogers Memorial Airport,Utqiaġvik,US-AK,US,71.285402,-156.766008
BTM,Bert Mooney Airport,Butte,US-MT,US,45.95479965209961,-112.49700164794922
BTR,Baton Rouge Metropolitan Airport,Baton Rouge,US-LA,US,30.533199,-91.149597
BTV,Burlington International Airport,South Burlington,US-VT,US,44.471901,-73.153297
BUF,Buffalo Niagara International Airport,Buffalo,US-NY,US,42.940498,-78.732201
BUR,Hollywood Burbank Airport,Burbank,US-CA,US,34.197703,-118.356378
BWI,Baltimore/Washington International Thurgood Marshall Airport,Baltimore,US-MD,US,39.1754,-76.668297
BZN,Bozeman Yellowstone International Airport,Bozeman,US-MT,US,45.7775,-111.153
CAE,Columbia Metropolitan Airport,Columbia,US-SC,US,33.938801,-81.119499
CAK,Akron Canton Regional Airport,Akron,US-OH,US,40.91609954833984,-81.44219970703125
CDC,Cedar City Regional Airport,Cedar City,US-UT,US,37.70100021362305,-113.0989990234375
CDV,Merle K (Mudhole) Smith Airport,Cordova,US-AK,US,60.491798,-145.477997
CEC,Jack Mc Namara Field Airport,Crescent City,US-CA,US,41.778929,-124.236403
CGI,Cape Girardeau Regional Airport,Cape Girardeau,US-MO,US,37.2253,-89.570801
CHA,Chattanooga Metropolitan Airport (Lovell Field),Chattanooga,US-TN,US,35.035301,-85.203796
CHO,Charlottesville Albemarle Airport,Charlottesville,US-VA,US,38.13859939575195,-78.4529037475586
CHS,Charleston International Airport,Charleston,US-SC,US,32.898602,-80.040497
CIC,Chico Regional Airport,Chico,US-CA,US,39.795595,-121.857716
CID,The Eastern Iowa Airport,Cedar Rapids,US-IA,US,41.884701,-91.7108
CIU,Chippewa County International Airport,Kincheloe,US-MI,US,46.247707,-84.471379
CKB,North Central West Virginia Airport,Bridgeport,US-WV,US,39.2966,-80.228104
CLD,McClellan-Palomar Airport,Carlsbad,US-CA,US,33.1283,-117.279999
CLE,Cleveland Hopkins International Airport,Cleveland,US-OH,US,41.411701,-81.8498
CLL,Easterwood Field,College Station,US-TX,US,30.5886,-96.3638
CLT,Charlotte Douglas International Airport,Charlotte,US-NC,US,35.2140007019043,-80.94309997558594
CMH,John Glenn Columbus International Airport,Columbus,US-OH,US,39.998001,-82.891899
CMI,University of Illinois Willard Airport,Savoy,US-IL,US,40.039819,-88.276249
CMX,Houghton County Memorial Airport,Hancock,US-MI,US,47.168399810791016,-88.48909759521484
CNY,Canyonlands Regional Airport,Moab,US-UT,US,38.755001,-109.754997
COD,Yellowstone Regional Airport,Cody,US-WY,US,44.520199,-109.024002
COS,City of Colorado Springs Municipal Airport,Colorado Springs,US-CO,US,38.805801,-104.700996
COU,Columbia Regional Airport,Columbia,US-MO,US,38.8181,-92.219597
CPR,Casper-Natrona County International Airport,Casper,US-WY,US,42.908001,-106.463997
CRP,Corpus Christi International Airport,Corpus Christi,US-TX,US,27.770399,-97.501198
CRW,Yeager Airport,Charleston,US-WV,US,38.3731,-81.593201
CSG,Columbus Metropolitan Airport,Columbus,US-GA,US,32.516300201416016,-84.93890380859375
CVG,Cincinnati Northern Kentucky International Airport,Cincinnati / Covington,US-KY,US,39.048801,-84.667801
CWA,Central Wisconsin Airport,Mosinee,US-WI,US,44.777448,-89.670238
CYS,Cheyenne Regional Jerry Olson Field,Cheyenne,US-WY,US,41.155701,-104.811997
DAB,Daytona Beach International Airport,Daytona Beach,US-FL,US,29.179899,-81.058098
DAL,Dallas Love Field,Dallas,US-TX,US,32.847099,-96.851799
DAY,James M Cox Dayton International Airport,Dayton,US-OH,US,39.902401,-84.219398
DBQ,Dubuque Regional Airport,Dubuque,US-IA,US,42.402,-90.709503
DCA,Ronald Reagan Washington National Airport,Washington,US-DC,US,38.8521,-77.037697
DEN,Denver International Airport,Denver,US-CO,US,39.861698150635,-104.672996521
DFW,Dallas Fort Worth International Airport,Dallas-Fort Worth,US-TX,US,32.896801,-97.038002
DHN,Dothan Regional Airport,Dothan,US-AL,US,31.321300506591797,-85.44960021972656
DIK,Dickinson Theodore Roosevelt Regional Airport,Dickinson,US-ND,US,46.797533,-102.801905
DLG,Dillingham Airport,Dillingham,US-AK,US,59.04470062,-158.5050049
DLH,Duluth International Airport,Duluth,US-MN,US,46.842098,-92.193604
DRO,Durango La Plata County Airport,Durango,US-CO,US,37.151501,-107.753998
DRT,Del Rio International Airport,Del Rio,US-TX,US,29.3742008209,-100.927001953
DSM,Des Moines International Airport,Des Moines,US-IA,US,41.534,-93.663101
DTW,Detroit Metropolitan Wayne County Airport,Detroit,US-MI,US,42.21377,-83.353786
DVL,Devils Lake Regional Airport,Devils Lake,US-ND,US,48.115454,-98.908796
EAR,Kearney Regional Airport,Kearney,US-NE,US,40.727001,-99.006798
EAU,Chippewa Valley Regional Airport,Eau Claire,US-WI,US,44.86579895019531,-91.48429870605467
ECP,Northwest Florida Beaches International Airport,Panama City Beach,US-FL,US,30.357106,-85.795414
EFD,Ellington Airport,Houston,US-TX,US,29.6072998047,-95.1587982178
EGE,Eagle County Regional Airport,Eagle,US-CO,US,39.64260101,-106.9179993
EKO,Elko Regional Airport,Elko,US-NV,US,40.82490158081055,-115.79199981689452
ELM,Elmira Corning Regional Airport,Elmira/Corning,US-NY,US,42.1599006652832,-76.8916015625
ELP,El Paso International Airport,El Paso,US-TX,US,31.807199,-106.377998
ENV,Wendover Airport,Wendover,US-UT,US,40.7187004089,-114.03099823
ERI,Erie International Tom Ridge Field,Erie,US-PA,US,42.083127,-80.173867
ESC,Delta County Airport,Escanaba,US-MI,US,45.723199,-87.088623
EUG,Mahlon Sweet Field,Eugene,US-OR,US,44.12459945678711,-123.21199798583984
EVV,Evansville Regional Airport,Evansville,US-IN,US,38.0369987488,-87.5324020386
EWN,Coastal Carolina Regional Airport,New Bern,US-NC,US,35.0730018616,-77.04290008539999
EWR,Newark Liberty International Airport,Newark,US-NJ,US,40.692501,-74.168701
EYW,Key West International Airport,Key West,US-FL,US,24.556101,-81.759598
FAI,Fairbanks International Airport,Fairbanks,US-AK,US,64.815102,-147.856003
FAR,Hector International Airport,Fargo,US-ND,US,46.92070007324219,-96.81580352783205
FAT,Fresno Yosemite International Airport,Fresno,US-CA,US,36.776199,-119.718002
FAY,Fayetteville Regional Airport - Grannis Field,Fayetteville,US-NC,US,34.991199,-78.880302
FCA,Glacier Park International Airport,Kalispell,US-MT,US,48.31050109863281,-114.25599670410156
FLG,Flagstaff Pulliam International Airport,Flagstaff,US-AZ,US,35.1385,-111.670998
FLL,Fort Lauderdale Hollywood International Airport,Fort Lauderdale,US-FL,US,26.072599,-80.152702
FLO,Florence Regional Airport,Florence,US-SC,US,34.18539810180664,-79.7238998413086
FNL,Northern Colorado Regional Airport,Loveland,US-CO,US,40.44969,-105.011272
FNT,Bishop International Airport,Flint,US-MI,US,42.96540069580078,-83.74359893798828
FOE,Topeka Regional Airport,Topeka,US-KS,US,38.950901,-95.663597
FSD,Sioux Falls Regional Airport / Joe Foss Field,Sioux Falls,US-SD,US,43.585463,-96.741152
FSM,Fort Smith Regional Airport,Fort Smith,US-AR,US,35.336601,-94.367401
FWA,Fort Wayne International Airport,Fort Wayne,US-IN,US,40.9785,-85.195099
GCC,Northeast Wyoming Regional Airport,Gillette,US-WY,US,44.3489,-105.539001
GCK,Garden City Regional Airport,Garden City,US-KS,US,37.9275016785,-100.723999023
GEG,Spokane International Airport,Spokane,US-WA,US,47.6199,-117.533997
GFK,Grand Forks International Airport,Grand Forks,US-ND,US,47.949299,-97.176102
GGG,East Texas Regional Airport,Longview,US-TX,US,32.38399887084961,-94.71150207519533
GJT,Grand Junction Regional Airport,Grand Junction,US-CO,US,39.126663,-108.529387
GNV,Gainesville Regional Airport,Gainesville,US-FL,US,29.6900997162,-82.2717971802
GPT,Gulfport Biloxi International Airport,Gulfport,US-MS,US,30.407301,-89.070099
GRB,Austin Straubel International Airport,Green Bay,US-WI,US,44.483459,-88.130805
GRI,Central Nebraska Regional Airport,Grand Island,US-NE,US,40.967498779296875,-98.30960083007812
GRK,Killeen Regional Airport / Robert Gray Army Airfield,Fort Cavazos,US-TX,US,31.0672,-97.828903
GRR,Gerald R. Ford International Airport,Grand Rapids,US-MI,US,42.88079834,-85.52279663
GSO,Piedmont Triad International Airport,Greensboro,US-NC,US,36.097801,-79.937302
GSP,Greenville Spartanburg International Airport,Greer,US-SC,US,34.895699,-82.218903
GST,Gustavus Airport,Gustavus,US-AK,US,58.4253006,-135.7070007
GTF,Great Falls International Airport,Great Falls,US-MT,US,47.48199844,-111.3710022
GTR,Golden Triangle Regional Airport,Columbus/W Point/Starkville,US-MS,US,33.450298,-88.5914
GUC,Gunnison Crested Butte Regional Airport,Gunnison,US-CO,US,38.534672,-106.934566
GUM,Antonio B. Won Pat International Airport,Hagåtña,GU-U-A,GU,13.485,144.797282
HDN,Yampa Valley Airport,Hayden,US-CO,US,40.481201,-107.218002
HGR,Hagerstown Regional Richard A Henson Field,Hagerstown,US-MD,US,39.708771,-77.728014
HHH,Hilton Head Airport,Hilton Head Island,US-SC,US,32.2244,-80.697502
HIB,Range Regional Airport,Hibbing,US-MN,US,47.384831,-92.836905
HLN,Helena Regional Airport,Helena,US-MT,US,46.6068,-111.983002
HNL,Daniel K Inouye International Airport,"Honolulu, Oahu",US-HI,US,21.32062,-157.924228
HOB,Lea County Regional Airport,Hobbs,US-NM,US,32.6875,-103.217003
HOU,William P Hobby Airport,Houston,US-TX,US,29.645399,-95.2789
HPN,Westchester County Airport,White Plains,US-NY,US,41.06700134277344,-73.70760345458984
HRL,Valley International Airport,Harlingen,US-TX,US,26.228500366210938,-97.65440368652344
HSV,Huntsville International Carl T Jones Field,Huntsville,US-AL,US,34.637199,-86.775101
HTS,Tri-State Airport / Milton J. Ferguson Field,Huntington,US-WV,US,38.366699,-82.557999
HVN,Tweed New Haven Airport,New Haven,US-CT,US,41.26369858,-72.88680267
HYA,Cape Cod Gateway Airport,Hyannis,US-MA,US,41.6693,-70.280403
HYS,Hays Regional Airport,Hays,US-KS,US,38.844521,-99.273148
IAD,Washington Dulles International Airport,Dulles,US-VA,US,38.9445,-77.455803
IAG,Niagara Falls International Airport,Niagara Falls,US-NY,US,43.1073,-78.946198
IAH,George Bush Intercontinental Houston Airport,Houston,US-TX,US,29.984399795532227,-95.34140014648438
ICT,Wichita Eisenhower National Airport,Wichita,US-KS,US,37.649899,-97.433098
IDA,Idaho Falls Regional Airport,Idaho Falls,US-ID,US,43.514599,-112.070999
IFP,Laughlin Bullhead International Airport,Bullhead City,US-AZ,US,35.157398,-114.559998
ILG,Wilmington Airport,Wilmington,US-DE,US,39.678699,-75.606499
ILM,Wilmington International Airport,Wilmington,US-NC,US,34.270599365234375,-77.90260314941406
IMT,Ford Airport,Kingsford,US-MI,US,45.81911,-88.114557
IND,Indianapolis International Airport,Indianapolis,US-IN,US,39.7173,-86.294403
INL,Falls International Airport,International Falls,US-MN,US,48.566200256347656,-93.4030990600586
IPL,Imperial County Airport,Imperial,US-CA,US,32.83539,-115.574026
ISN,Sloulin Field International Airport,Williston,US-ND,US,48.1733,-103.6414
ISP,Long Island Mac Arthur Airport,Islip,US-NY,US,40.79520035,-73.10019684
ITH,Ithaca Tompkins Regional Airport,Ithaca,US-NY,US,42.49100112915039,-76.4583969116211
ITO,Hilo International Airport,Hilo,US-HI,US,19.721399,-155.048004
IYK,Inyokern Airport,Inyokern,US-CA,US,35.65879822,-117.8300018
JAC,Jackson Hole Airport,Jackson,US-WY,US,43.6072998046875,-110.73799896240234
JAN,Jackson-Medgar Wiley Evers International Airport,Jackson,US-MS,US,32.311199,-90.075897
JAX,Jacksonville International Airport,Jacksonville,US-FL,US,30.492469,-81.687813
JFK,John F Kennedy International Airport,New York,US-NY,US,40.639447,-73.779317
JLN,Joplin Regional Airport,Joplin,US-MO,US,37.151798,-94.498299
JMS,Jamestown Regional Airport,Jamestown,US-ND,US,46.92969894,-98.67819977
JNU,Juneau International Airport,Juneau,US-AK,US,58.355,-134.576004
KOA,Ellison Onizuka Kona International Airport at Keahole,Kailua-Kona,US-HI,US,19.738783,-156.045603
KTN,Ketchikan International Airport,Ketchikan,US-AK,US,55.35559845,-131.7140045
LAN,Capital City Airport,Lansing,US-MI,US,42.77870178222656,-84.58740234375
LAR,Laramie Regional Airport,Laramie,US-WY,US,41.31209945678711,-105.6750030517578
LAS,Harry Reid International Airport,Las Vegas,US-NV,US,36.083361,-115.151817
LAW,Lawton Fort Sill Regional Airport,Lawton,US-OK,US,34.567699,-98.416603
LAX,Los Angeles International Airport,Los Angeles,US-CA,US,33.942501,-118.407997
LBB,Lubbock Preston Smith International Airport,Lubbock,US-TX,US,33.663601,-101.822998
LBE,Arnold Palmer Regional Airport,Latrobe,US-PA,US,40.275902,-79.4048
LBF,North Platte Regional Airport Lee Bird Field,North Platte,US-NE,US,41.12620163,-100.6839981
LBL,Liberal Mid-America Regional Airport,Liberal,US-KS,US,37.0442009,-100.9599991
LCH,Lake Charles Regional Airport,Lake Charles,US-LA,US,30.126100540161133,-93.22329711914062
LCK,Rickenbacker International Airport,Columbus,US-OH,US,39.813801,-82.927803
LEX,Blue Grass Airport,Lexington,US-KY,US,38.036499,-84.605904
LFT,Lafayette Regional Airport,Lafayette,US-LA,US,30.205299,-91.987602
LGA,LaGuardia Airport,New York,US-NY,US,40.777199,-73.872597
LGB,Long Beach Airport (Daugherty Field),Long Beach,US-CA,US,33.816523,-118.149891
LIH,Lihue Airport,Lihue,US-HI,US,21.976,-159.339005
LIT,Bill & Hillary Clinton National Airport/Adams Field,Little Rock,US-AR,US,34.729582,-92.223728
LMT,Crater Lake-Klamath Regional Airport,Klamath Falls,US-OR,US,42.156101,-121.733002
LNK,Lincoln Airport,Lincoln,US-NE,US,40.85100173950195,-96.75920104980467
LRD,Laredo International Airport,Laredo,US-TX,US,27.543800354003903,-99.46160125732422
LSE,La Crosse Regional Airport,La Crosse,US-WI,US,43.879002,-91.256699
LWB,Greenbrier Valley Airport,Lewisburg,US-WV,US,37.857914,-80.400438
LWS,Lewiston Nez Perce County Airport,Lewiston,US-ID,US,46.3745002746582,-117.01499938964844
LYH,Lynchburg Regional Airport - Preston Glenn Field,Lynchburg,US-VA,US,37.326698,-79.200401
MAF,Midland International Air and Space Port,Midland,US-TX,US,31.942499,-102.202003
MBS,MBS International Airport,Freeland,US-MI,US,43.531913,-84.082275
MCI,Kansas City International Airport,Kansas City,US-MO,US,39.2976,-94.713898
MCN,Middle Georgia Regional Airport,Macon,US-GA,US,32.69279861450195,-83.64920043945312
MCO,Orlando International Airport,Orlando,US-FL,US,28.429399490356445,-81.30899810791016
MDT,Harrisburg International Airport,Harrisburg,US-PA,US,40.193501,-76.763397
MDW,Chicago Midway International Airport,Chicago,US-IL,US,41.785999,-87.752403
MEI,Key Field / Meridian Regional Airport,Meridian,US-MS,US,32.3326,-88.7519
MEM,Memphis International Airport,Memphis,US-TN,US,35.0424,-89.9767
MFE,McAllen Miller International Airport,McAllen,US-TX,US,26.176141,-98.237965
MFR,Rogue Valley International Medford Airport,Medford,US-OR,US,42.37419891357422,-122.8730010986328
MGM,Montgomery Regional (Dannelly Field) Airport,Montgomery,US-AL,US,32.300598,-86.393997
MHK,Manhattan Regional Airport,Manhattan,US-KS,US,39.14099884033203,-96.6707992553711
MHT,Manchester-Boston Regional Airport,Manchester,US-NH,US,42.932598,-71.435699
MIA,Miami International Airport,Miami,US-FL,US,25.79319953918457,-80.29060363769531
MKE,General Mitchell International Airport,Milwaukee,US-WI,US,42.947201,-87.896599
MKG,Muskegon County Airport,Muskegon,US-MI,US,43.169498,-86.238197
MLB,Melbourne Orlando International Airport,Melbourne,US-FL,US,28.1028,-80.645302
MLI,Quad City International Airport,Moline,US-IL,US,41.448502,-90.5075
MLU,Monroe Regional Airport,Monroe,US-LA,US,32.510899,-92.037697
MMH,Mammoth Yosemite Airport,Mammoth Lakes,US-CA,US,37.625381,-118.84306
MOB,Mobile Regional Airport,Mobile,US-AL,US,30.6912,-88.242798
MOD,Modesto City Co-Harry Sham Field,Modesto,US-CA,US,37.625801,-120.954002
MOT,Minot International Airport,Minot,US-ND,US,48.2593994140625,-101.27999877929688
MQT,Marquette/Sawyer International Airport,Gwinn,US-MI,US,46.3536,-87.395401
MRY,Monterey Peninsula Airport,Monterey,US-CA,US,36.58700180053711,-121.84300231933594
MSN,Dane County Regional Truax Field,Madison,US-WI,US,43.1399,-89.337502
MSO,Missoula International Airport,Missoula,US-MT,US,46.91630173,-114.0910034
MSP,Minneapolis–Saint Paul International Airport / Wold–Chamberlain Field,Minneapolis,US-MN,US,44.880081,-93.221741
MSY,Louis Armstrong New Orleans International Airport,New Orleans,US-LA,US,29.993401,-90.258003
MTJ,Montrose Regional Airport,Montrose,US-CO,US,38.5098,-107.893997
MVY,Martha's Vineyard Airport,Martha's Vineyard,US-MA,US,41.3931007385,-70.6143035889
MWH,Grant County International Airport,Moses Lake,US-WA,US,47.20769882,-119.3199997
MYR,Myrtle Beach International Airport,Myrtle Beach,US-SC,US,33.679699,-78.928299
OAJ,Albert J Ellis Airport,Richlands,US-NC,US,34.829201,-77.612099
OAK,San Francisco Bay Oakland International Airport,Oakland,US-CA,US,37.720085,-122.221184
OGD,Ogden Hinckley Airport,Ogden,US-UT,US,41.195899963379,-112.0120010376
OGG,Kahului International Airport,Kahului,US-HI,US,20.896263,-156.431837
OGS,Ogdensburg International Airport,Ogdensburg,US-NY,US,44.6819,-75.4655
OKC,Will Rogers World Airport,Oklahoma City,US-OK,US,35.393388,-97.598248
OMA,Eppley Airfield,Omaha,US-NE,US,41.3032,-95.894096
OME,Nome Airport,Nome,US-AK,US,64.51219940185547,-165.44500732421875
ONT,Ontario International Airport,Ontario,US-CA,US,34.056,-117.600998
ORD,Chicago O'Hare International Airport,Chicago,US-IL,US,41.9786,-87.9048
ORF,Norfolk International Airport,Norfolk,US-VA,US,36.895341,-76.201
ORH,Worcester Regional Airport,Worcester,US-MA,US,42.2673,-71.875702
OTH,Southwest Oregon Regional Airport,North Bend,US-OR,US,43.41709899902344,-124.24600219726562
OTZ,Ralph Wien Memorial Airport,Kotzebue,US-AK,US,66.88469696,-162.598999
OWB,Owensboro Daviess County Airport,Owensboro,US-KY,US,37.74010086,-87.16680145
OXR,Oxnard Airport,Oxnard,US-CA,US,34.200801849365,-119.20700073242
PAH,Barkley Regional Airport,Paducah,US-KY,US,37.06079864501953,-88.7738037109375
PBG,Plattsburgh International Airport,Plattsburgh,US-NY,US,44.650901794433594,-73.46810150146484
PBI,Palm Beach International Airport,West Palm Beach,US-FL,US,26.683201,-80.095596
PDX,Portland International Airport,Portland,US-OR,US,45.588699,-122.598
PFN,Panama City-Bay County International Airport,Panama City,US-FL,US,30.2121,-85.6828
PGD,Punta Gorda Airport,Punta Gorda,US-FL,US,26.9202,-81.990501
PGV,Pitt-Greenville Airport,Greenville,US-NC,US,35.635535,-77.384262
PHF,Newport News Williamsburg International Airport,Newport News,US-VA,US,37.131901,-76.492996
PHL,Philadelphia International Airport,Philadelphia,US-PA,US,39.871899,-75.241096
PHX,Phoenix Sky Harbor International Airport,Phoenix,US-AZ,US,33.435302,-112.005905
PIA,General Wayne A. Downing Peoria International Airport,Peoria,US-IL,US,40.6642,-89.693298
PIB,Hattiesburg Laurel Regional Airport,Moselle,US-MS,US,31.4671,-89.337097
PIE,St. Petersburg Clearwater International Airport,Pinellas Park,US-FL,US,27.9102,-82.687401
PIH,Pocatello Regional Airport,Pocatello,US-ID,US,42.9098014831543,-112.59600067138672
PIR,Pierre Regional Airport,Pierre,US-SD,US,44.38270187,-100.2860031
PIT,Pittsburgh International Airport,Pittsburgh,US-PA,US,40.491501,-80.232903
PLN,Pellston Regional Airport of Emmet County Airport,Pellston,US-MI,US,45.57089996,-84.79669952
PNS,Pensacola International Airport,Pensacola,US-FL,US,30.4734,-87.1866
PPG,Pago Pago International Airport,Pago Pago,AS-WT,AS,-14.331,-170.710007
PRC,Prescott International Airport - Ernest A. Love Field,Prescott,US-AZ,US,34.654499,-112.419998
PSC,Tri Cities Airport,Pasco,US-WA,US,46.264702,-119.119003
PSE,Mercedita Airport,Ponce,PR-U-A,PR,18.00830078125,-66.56300354003906
PSG,Petersburg James A Johnson Airport,Petersburg,US-AK,US,56.80170059,-132.9450073
PSM,Portsmouth International at Pease Airport,Portsmouth,US-NH,US,43.0778999329,-70.8233032227
PSP,Palm Springs International Airport,Palm Springs,US-CA,US,33.8297,-116.507004
PUB,Pueblo Memorial Airport,Pueblo,US-CO,US,38.289101,-104.497002
PVD,Theodore Francis Green State Airport,Warwick,US-RI,US,41.725038,-71.425668
PVU,Provo-Utah Lake International Airport,Provo,US-UT,US,40.2192,-111.723
PWM,Portland International Jetport,Portland,US-ME,US,43.646198,-70.309303
RAP,Rapid City Regional Airport,Rapid City,US-SD,US,44.0452995300293,-103.05699920654295
RDD,Redding Municipal Airport,Redding,US-CA,US,40.50899887,-122.2929993
RDM,Roberts Field,Redmond,US-OR,US,44.254101,-121.150002
RDU,Raleigh Durham International Airport,Raleigh/Durham,US-NC,US,35.877602,-78.787498
RFD,Chicago Rockford International Airport,Chicago/Rockford,US-IL,US,42.1954,-89.097198
RHI,Rhinelander Oneida County Airport,Rhinelander,US-WI,US,45.63119888305664,-89.46749877929688
RIC,Richmond International Airport,Richmond,US-VA,US,37.505199,-77.319702
RKS,Southwest Wyoming Regional Airport,Rock Springs,US-WY,US,41.5942,-109.065001
RNO,Reno Tahoe International Airport,Reno,US-NV,US,39.4991,-119.767998
ROA,Roanoke–Blacksburg Regional Airport,Roanoke,US-VA,US,37.3255,-79.975403
ROC,Frederick Douglass Greater Rochester International Airport,Rochester,US-NY,US,43.1189,-77.672401
ROW,Roswell Air Center Airport,Roswell,US-NM,US,33.301601,-104.530998
RST,Rochester International Airport,Rochester,US-MN,US,43.908298,-92.5
RSW,Southwest Florida International Airport,Fort Myers,US-FL,US,26.53619956970215,-81.75520324707031
SAF,Santa Fe Municipal Airport,Santa Fe,US-NM,US,35.6171,-106.088997
SAN,San Diego International Airport,San Diego,US-CA,US,32.7336006165,-117.190002441
SAT,San Antonio International Airport,San Antonio,US-TX,US,29.533701,-98.469803
SAV,Savannah Hilton Head International Airport,Savannah,US-GA,US,32.127602,-81.202103
SBA,Santa Barbara Municipal Airport,Santa Barbara,US-CA,US,34.426201,-119.839996
SBN,South Bend Regional Airport,South Bend,US-IN,US,41.708698,-86.317299
SBP,San Luis County Regional Airport,San Luis Obispo,US-CA,US,35.236801147499996,-120.641998291
SCC,Deadhorse Airport,Deadhorse,US-AK,US,70.19470215,-148.4649963
SCE,State College Regional Airport,State College,US-PA,US,40.849374,-77.84852
SCK,Stockton Metropolitan Airport,Stockton,US-CA,US,37.893279,-121.238079
SDF,Louisville Muhammad Ali International Airport,Louisville,US-KY,US,38.1744,-85.736
SEA,Seattle–Tacoma International Airport,Seattle,US-WA,US,47.447943,-122.310276
SFB,Orlando Sanford International Airport,Orlando,US-FL,US,28.777599334716797,-81.23750305175781
SFO,San Francisco International Airport,San Francisco,US-CA,US,37.619806,-122.374821
SGF,Springfield Branson National Airport,Springfield,US-MO,US,37.245701,-93.388603
SGU,St George Regional Airport,St George,US-UT,US,37.036389,-113.510306
SHD,Shenandoah Valley Regional Airport,Weyers Cave,US-VA,US,38.263802,-78.8964
SHV,Shreveport Regional Airport,Shreveport,US-LA,US,32.446602,-93.8256
SIT,Sitka Rocky Gutierrez Airport,Sitka,US-AK,US,57.04710006713867,-135.36199951171875
SJC,Norman Y. Mineta San Jose International Airport,San Jose,US-CA,US,37.362452,-121.929188
SJT,San Angelo Regional Mathis Field,San Angelo,US-TX,US,31.35770034790039,-100.49600219726562
SJU,Luis Munoz Marin International Airport,San Juan,PR-U-A,PR,18.4394,-66.001801
SLC,Salt Lake City International Airport,Salt Lake City,US-UT,US,40.78886,-111.979866
SLN,Salina Municipal Airport,Salina,US-KS,US,38.79100036621094,-97.6521987915039
SMF,Sacramento International Airport,Sacramento,US-CA,US,38.6954,-121.591003
SMX,Santa Maria Public Airport Captain G Allan Hancock Field,Santa Maria,US-CA,US,34.898899,-120.457001
SNA,John Wayne Orange County International Airport,Santa Ana,US-CA,US,33.675701,-117.867996
SPI,Abraham Lincoln Capital Airport,Springfield,US-IL,US,39.844101,-89.677902
SPN,Saipan International Airport,"I Fadang, Saipan",MP-U-A,MP,15.119,145.729004
SPS,Wichita Falls Municipal Airport / Sheppard Air Force Base,Wichita Falls,US-TX,US,33.9888,-98.491898
SRQ,Sarasota Bradenton International Airport,Sarasota/Bradenton,US-FL,US,27.394631,-82.554359
STC,Saint Cloud Regional Airport,Saint Cloud,US-MN,US,45.5466,-94.059898
STL,St. Louis Lambert International Airport,St Louis,US-MO,US,38.748697,-90.370003
STS,Charles M. Schulz Sonoma County Airport,Santa Rosa,US-CA,US,38.50899887,-122.8130035
STT,Cyril E. King Airport,Charlotte Amalie,VI-ST,VI,18.337091,-64.977251
STX,Henry E Rohlsen Airport,Christiansted,VI-SC,VI,17.701413,-64.802608
SUN,Friedman Memorial Airport,Hailey,US-ID,US,43.50439835,-114.2959976
SUX,Sioux Gateway Airport / Brigadier General Bud Day Field,Sioux City,US-IA,US,42.397605,-96.382237
SWF,New York Stewart International Airport,Newburgh,US-NY,US,41.504101,-74.104797
SWO,Stillwater Regional Airport,Stillwater,US-OK,US,36.162132,-97.085581
SYR,Syracuse Hancock International Airport,Syracuse,US-NY,US,43.11119842529297,-76.1063003540039
TEX,Telluride Regional Airport,Telluride,US-CO,US,37.9538,-107.907997
TKI,Tokeen Seaplane Base,Tokeen,US-AK,US,55.9370994568,-133.32699585
TLH,Tallahassee Regional Airport,Tallahassee,US-FL,US,30.3965,-84.350304
TOL,Eugene F. Kranz Toledo Express Airport,Toledo,US-OH,US,41.5868,-83.8078
TPA,Tampa International Airport,Tampa,US-FL,US,27.9755,-82.533203
TRI,Tri-Cities Regional TN/VA Airport,Blountville,US-TN,US,36.475201,-82.407401
TTN,Trenton Mercer Airport,Ewing Township,US-NJ,US,40.276699,-74.813499
TUL,Tulsa International Airport,Tulsa,US-OK,US,36.19839859008789,-95.88809967041016
TUP,Tupelo Regional Airport,Tupelo,US-MS,US,34.26810073852539,-88.7698974609375
TUS,Tucson International Airport / Morris Air National Guard Base,Tucson,US-AZ,US,32.115004,-110.938053
TVC,Cherry Capital Airport,Traverse City,US-MI,US,44.74140167236328,-85.58219909667969
TWF,Joslin Field Magic Valley Regional Airport,Twin Falls,US-ID,US,42.4818,-114.487999
TXK,Texarkana Regional Airport (Webb Field),Texarkana,US-AR,US,33.453701,-93.990997
TYR,Tyler Pounds Regional Airport,Tyler,US-TX,US,32.35409927368164,-95.40239715576172
TYS,McGhee Tyson Airport,Alcoa,US-TN,US,35.811001,-83.994003
UIN,Quincy Regional Airport Baldwin Field,Quincy,US-IL,US,39.942699,-91.194603
USA,Concord-Padgett Regional Airport,Concord,US-NC,US,35.387798,-80.709099
UST,Northeast Florida Regional Airport,St Augustine,US-FL,US,29.9592,-81.339798
UTM,Tunica Municipal Airport,Tunica,US-MS,US,34.68505,-90.347757
VEL,Vernal Regional Airport,Vernal,US-UT,US,40.436214,-109.511661
VLD,Valdosta Regional Airport,Valdosta,US-GA,US,30.782499313354492,-83.27670288085938
VPS,Destin-Fort Walton Beach Airport,Valparaiso,US-FL,US,30.4832,-86.525398
WRG,Wrangell Airport,Wrangell,US-AK,US,56.48429871,-132.3699951
WYS,Yellowstone Airport,West Yellowstone,US-MT,US,44.6884,-111.117996
XNA,Northwest Arkansas National Airport,Fayetteville/Springdale/Rogers,US-AR,US,36.281898,-94.306801
YAK,Yakutat Airport,Yakutat,US-AK,US,59.508717,-139.660435
YNG,Youngstown Warren Regional Airport,Youngstown/Warren,US-OH,US,41.26070023,-80.67910004
YUM,Yuma International Airport / Marine Corps Air Station Yuma,Yuma,US-AZ,US,32.650938,-114.609375
